supplier,product_name,unit_pack_info
Shalina Healthcare Ke Ltd,Kaluma King,1x18pk
Shalina Healthcare Ke Ltd,Kaluma Balm 4g,1x24x24pkt
Shalina Healthcare Ke Ltd,Sonamoja Tab,1X48
Shalina Healthcare Ke Ltd,Kaluma Strong Tab,1X48
Shalina Healthcare Ke Ltd,Sonamoja Advance Tab,2 x 50 x 48 Z
Krish Commodities (Z),Basmati Sunrice,12X2Kg Z
Krish Commodities (Z),Basmati Sunrice,5X5Kg Z
Krish Commodities (Z),Basmati Sunrice,1X25kg Z
Krish Commodities (Z),Basmati Sunrice,24X1kg Z
Krish Commodities (Z),Basmati Sunrice,48X500grm Z
Krish Commodities (Z),Basmati Sunrice,1X20kg Z
Sunveat Foods,Funtoys Rings Tomato,30pcsx12gms
Sunveat Foods,Funtoys Rings Barbeque,30pcsx12gms
Sunveat Foods,Funtoys Rings CHEESE,30pcsx12gms
Sunveat Foods,Anfa Energy Chocolate Biscuit,40X120 V
Sunveat Foods,Anfa Energy Milk Biscuit,40gX120 V
Krish Commodities (Z),Basmati Sunrice,12X2kg Z
